requirement_id,requirement,actor_or_area,acceptance,release_scope,status,implementation_area,evidence_and_remaining_work
AUTH-FR-001,The system shall allow registration using a mobile number in supported country format.,Member,Valid number is accepted; invalid format is rejected with localized guidance.,MANDATORY_RELEASE_1,ACCEPTANCE_NOT_CLOSED,services/api/src/modules/auth; apps/mobile/lib/services/genealogy_api_service.dart,Existing M2/M4 acceptance; production SMS delivery and expanded device/security review remain
AUTH-FR-002,The system shall issue a one-time password through the configured OTP provider.,System,"OTP request is rate-limited, logged and provider delivery status is tracked.",MANDATORY_RELEASE_1,ACCEPTANCE_NOT_CLOSED,services/api/src/modules/auth; apps/mobile/lib/services/genealogy_api_service.dart,Existing M2/M4 acceptance; production SMS delivery and expanded device/security review remain
AUTH-FR-003,The system shall verify OTP within a configurable expiry period and attempt limit.,Member,Correct unexpired OTP authenticates; invalid/expired OTP does not.,MANDATORY_RELEASE_1,ACCEPTANCE_NOT_CLOSED,services/api/src/modules/auth; apps/mobile/lib/services/genealogy_api_service.dart,Existing M2/M4 acceptance; production SMS delivery and expanded device/security review remain
AUTH-FR-004,The system shall support OTP resend with cooldown and anti-abuse limits.,Member,Resend is unavailable during cooldown; abuse thresholds cause temporary restriction.,MANDATORY_RELEASE_1,ACCEPTANCE_NOT_CLOSED,services/api/src/modules/auth; apps/mobile/lib/services/genealogy_api_service.dart,Existing M2/M4 acceptance; production SMS delivery and expanded device/security review remain
AUTH-FR-005,The system shall create a secure authenticated session after successful verification.,System,Session/token is issued and bound to account status.,MANDATORY_RELEASE_1,ACCEPTANCE_NOT_CLOSED,services/api/src/modules/auth; apps/mobile/lib/services/genealogy_api_service.dart,Existing M2/M4 acceptance; production SMS delivery and expanded device/security review remain
AUTH-FR-006,The system shall renew eligible sessions without repeating OTP.,Member,Valid refresh credential renews; revoked/expired credential fails.,MANDATORY_RELEASE_1,ACCEPTANCE_NOT_CLOSED,services/api/src/modules/auth; apps/mobile/lib/services/genealogy_api_service.dart,Existing M2/M4 acceptance; production SMS delivery and expanded device/security review remain
AUTH-FR-007,The system shall allow logout from the current device.,Member,Current session is revoked server-side.,MANDATORY_RELEASE_1,ACCEPTANCE_NOT_CLOSED,services/api/src/modules/auth; apps/mobile/lib/services/genealogy_api_service.dart,Existing M2/M4 acceptance; production SMS delivery and expanded device/security review remain
AUTH-FR-008,The system shall allow logout from all devices.,Member,All active sessions are revoked.,MANDATORY_RELEASE_1,ACCEPTANCE_NOT_CLOSED,services/api/src/modules/auth; apps/mobile/lib/services/genealogy_api_service.dart,Existing M2/M4 acceptance; production SMS delivery and expanded device/security review remain
AUTH-FR-009,The system shall maintain device metadata and push tokens for active sessions.,System,User/admin can identify active devices; stale tokens are removed.,MANDATORY_RELEASE_1,ACCEPTANCE_NOT_CLOSED,services/api/src/modules/auth; apps/mobile/lib/services/genealogy_api_service.dart,Existing M2/M4 acceptance; production SMS delivery and expanded device/security review remain
AUTH-FR-010,"Disabled, suspended, deleted or blocked accounts shall not authenticate.",System/Admin,Restricted account receives correct state response and no protected session.,MANDATORY_RELEASE_1,ACCEPTANCE_NOT_CLOSED,services/api/src/modules/auth; apps/mobile/lib/services/genealogy_api_service.dart,Existing M2/M4 acceptance; production SMS delivery and expanded device/security review remain
AUTH-FR-011,Security-relevant authentication events shall be auditable.,System,"OTP request/failure, login, logout, revocation and restriction events are recorded.",MANDATORY_RELEASE_1,ACCEPTANCE_NOT_CLOSED,services/api/src/modules/auth; apps/mobile/lib/services/genealogy_api_service.dart,Existing M2/M4 acceptance; production SMS delivery and expanded device/security review remain
AUTH-FR-012,Admin authentication shall support stronger privileged-session controls and MFA readiness.,Admin,Privileged session policy can enforce shorter expiry and second-factor capability.,MANDATORY_RELEASE_1,ACCEPTANCE_NOT_CLOSED,services/api/src/modules/auth; apps/mobile/lib/services/genealogy_api_service.dart,Existing M2/M4 acceptance; production SMS delivery and expanded device/security review remain
PROF-FR-001,User Account and genealogy Person shall remain separate lifecycle entities.,System,Separate IDs and states exist in data model and API.,MANDATORY_RELEASE_1,ACCEPTANCE_NOT_CLOSED,services/api/src/modules/profile,M4 Android save/refresh acceptance and private-media HTTP coverage; remaining self-service UI review
PROF-FR-002,An approved member shall view and edit permitted profile fields.,Member,Editable fields update; governed genealogy fields route to change request.,MANDATORY_RELEASE_1,ACCEPTANCE_NOT_CLOSED,services/api/src/modules/profile,M4 Android save/refresh acceptance and private-media HTTP coverage; remaining self-service UI review
PROF-FR-003,"The system shall support profile photo upload, crop/compression and secure storage.",Member,Valid image is processed and displayed according to privacy rules.,MANDATORY_RELEASE_1,ACCEPTANCE_NOT_CLOSED,services/api/src/modules/profile,M4 Android save/refresh acceptance and private-media HTTP coverage; remaining self-service UI review
PROF-FR-004,"The profile shall support contact, location, occupation, work, education, achievements, publications and approved descriptive fields.",Member,Configured fields persist with validation and visibility metadata.,MANDATORY_RELEASE_1,ACCEPTANCE_NOT_CLOSED,services/api/src/modules/profile,M4 Android save/refresh acceptance and private-media HTTP coverage; remaining self-service UI review
PROF-FR-005,The system shall support field-level or grouped visibility settings.,Member,Server removes hidden fields from unauthorized responses.,MANDATORY_RELEASE_1,ACCEPTANCE_NOT_CLOSED,services/api/src/modules/profile,M4 Android save/refresh acceptance and private-media HTTP coverage; remaining self-service UI review
PROF-FR-006,"The user shall manage language, notification and privacy preferences.",Member,Preferences persist across sessions/devices.,MANDATORY_RELEASE_1,ACCEPTANCE_NOT_CLOSED,services/api/src/modules/profile,M4 Android save/refresh acceptance and private-media HTTP coverage; remaining self-service UI review
PROF-FR-007,The user shall view active devices/sessions and revoke selected sessions.,Member,Revoked session loses access immediately or within token-revocation SLA.,MANDATORY_RELEASE_1,ACCEPTANCE_NOT_CLOSED,services/api/src/modules/profile,M4 Android save/refresh acceptance and private-media HTTP coverage; remaining self-service UI review
PROF-FR-008,The member profile shall show claim/verification state.,Member,"Pending, correction, rejected and approved states are visible with next action.",MANDATORY_RELEASE_1,ACCEPTANCE_NOT_CLOSED,services/api/src/modules/profile,M4 Android save/refresh acceptance and private-media HTTP coverage; remaining self-service UI review
PROF-FR-009,Governed profile changes shall retain history.,Admin/Member,Authorized history view shows prior values and source request.,MANDATORY_RELEASE_1,ACCEPTANCE_NOT_CLOSED,services/api/src/modules/profile,M4 Android save/refresh acceptance and private-media HTTP coverage; remaining self-service UI review
PROF-FR-010,The system shall support account deactivation/deletion request.,Member,"Workflow records request, re-authentication/confirmation and final outcome.",MANDATORY_RELEASE_1,ACCEPTANCE_NOT_CLOSED,services/api/src/modules/profile,M4 Android save/refresh acceptance and private-media HTTP coverage; remaining self-service UI review
PROF-FR-011,Account deletion shall de-link/deactivate authentication separately from genealogy retention.,System/Admin,Person may remain as historical/unclaimed record according to approved policy.,MANDATORY_RELEASE_1,ACCEPTANCE_NOT_CLOSED,services/api/src/modules/profile,M4 Android save/refresh acceptance and private-media HTTP coverage; remaining self-service UI review
PROF-FR-012,Minor Person records shall receive restrictive privacy defaults.,System,Sensitive contact/address/school/precise location is not exposed by default.,MANDATORY_RELEASE_1,ACCEPTANCE_NOT_CLOSED,services/api/src/modules/profile,M4 Android save/refresh acceptance and private-media HTTP coverage; remaining self-service UI review
GEN-FR-001,Every genealogy Person shall receive an immutable unique Person ID.,System/Admin,"ID is unique, permanent and never reused.",MANDATORY_RELEASE_1,ACCEPTANCE_NOT_CLOSED,services/api/src/modules/genealogy,Existing M3/M4 acceptance; assess every requirement against current head
GEN-FR-002,"The system shall support living, deceased, child, non-user and historical ancestor Person records.",Admin/Verifier,All types can exist without a User Account.,MANDATORY_RELEASE_1,ACCEPTANCE_NOT_CLOSED,services/api/src/modules/genealogy,Existing M3/M4 acceptance; assess every requirement against current head
GEN-FR-003,"The system shall support Nepali/English name variants, aliases and former spellings.",Admin/Member,Search resolves normalized names while original spellings remain preserved.,MANDATORY_RELEASE_1,ACCEPTANCE_NOT_CLOSED,services/api/src/modules/genealogy,Existing M3/M4 acceptance; assess every requirement against current head
GEN-FR-004,"A Person shall support known/unknown birth, death, birthplace, residence, branch, generation and other approved facts.",Admin/Member,Partial/unknown facts are accepted without invented values.,MANDATORY_RELEASE_1,ACCEPTANCE_NOT_CLOSED,services/api/src/modules/genealogy,Existing M3/M4 acceptance; assess every requirement against current head
GEN-FR-005,The system shall store verified parent-to-child direct links.,Admin/Verifier,Approved/imported parent link is visible in trusted genealogy.,MANDATORY_RELEASE_1,ACCEPTANCE_NOT_CLOSED,services/api/src/modules/genealogy,Existing M3/M4 acceptance; assess every requirement against current head
GEN-FR-006,The system shall store verified spouse/approved union direct links.,Admin/Verifier,Approved union connects both People without duplicate inverse records.,MANDATORY_RELEASE_1,ACCEPTANCE_NOT_CLOSED,services/api/src/modules/genealogy,Existing M3/M4 acceptance; assess every requirement against current head
GEN-FR-007,The system shall reject self-links.,System,"Person cannot be own parent, child or spouse.",MANDATORY_RELEASE_1,ACCEPTANCE_NOT_CLOSED,services/api/src/modules/genealogy,Existing M3/M4 acceptance; assess every requirement against current head
GEN-FR-008,The system shall detect and reject parent-child ancestry cycles.,System,Mutation that creates a cycle returns a validation error.,MANDATORY_RELEASE_1,ACCEPTANCE_NOT_CLOSED,services/api/src/modules/genealogy,Existing M3/M4 acceptance; assess every requirement against current head
GEN-FR-009,"The tree shall display navigable parents, grandparents, spouses, children, siblings, descendants and extended relatives.",Member,User can traverse connected permitted People.,MANDATORY_RELEASE_1,ACCEPTANCE_NOT_CLOSED,services/api/src/modules/genealogy,Existing M3/M4 acceptance; assess every requirement against current head
GEN-FR-010,The family tree shall use progressive expansion/lazy loading for large genealogy networks.,Member,Initial view remains responsive without loading the full graph.,MANDATORY_RELEASE_1,ACCEPTANCE_NOT_CLOSED,services/api/src/modules/genealogy,Existing M3/M4 acceptance; assess every requirement against current head
GEN-FR-011,The system shall support family branches and generations.,Admin/Member,People can be assigned/derived and searched by branch/generation.,MANDATORY_RELEASE_1,ACCEPTANCE_NOT_CLOSED,services/api/src/modules/genealogy,Existing M3/M4 acceptance; assess every requirement against current head
GEN-FR-012,"Verified branches shall be connectable through approved shared ancestry, marriage or supported connection.",Super Admin,Cross-branch link is visible only after authorized approval and audit.,MANDATORY_RELEASE_1,ACCEPTANCE_NOT_CLOSED,services/api/src/modules/genealogy,Existing M3/M4 acceptance; assess every requirement against current head
GEN-FR-013,Genealogy facts shall retain source/provenance metadata.,Admin,Authorized user can identify import/request/admin source of governed fact.,MANDATORY_RELEASE_1,ACCEPTANCE_NOT_CLOSED,services/api/src/modules/genealogy,Existing M3/M4 acceptance; assess every requirement against current head
GEN-FR-014,A member shall be able to request recording a death.,Member,Request enters approval flow and official status does not change before approval.,MANDATORY_RELEASE_1,ACCEPTANCE_NOT_CLOSED,services/api/src/modules/genealogy,Existing M3/M4 acceptance; assess every requirement against current head
GEN-FR-015,Approved death record shall update life status and trigger dependent calendar/Jutho workflows.,System,Dependent jobs run only after official commit.,MANDATORY_RELEASE_1,ACCEPTANCE_NOT_CLOSED,services/api/src/modules/genealogy,Existing M3/M4 acceptance; assess every requirement against current head
GEN-FR-016,Authorized administrators shall create/edit Person records directly only with justification and full audit.,Admin,Privileged direct mutation requires reason and audit record.,MANDATORY_RELEASE_1,ACCEPTANCE_NOT_CLOSED,services/api/src/modules/genealogy,Existing M3/M4 acceptance; assess every requirement against current head
GEN-FR-017,Erroneous Person records shall be archived/deactivated rather than casually hard-deleted.,Super Admin,Archived Person is excluded from normal views but remains traceable.,MANDATORY_RELEASE_1,ACCEPTANCE_NOT_CLOSED,services/api/src/modules/genealogy,Existing M3/M4 acceptance; assess every requirement against current head
GEN-FR-018,Authorized governance roles shall export genealogy data subject to privacy filtering.,Admin,Export is permission-controlled and audited.,MANDATORY_RELEASE_1,ACCEPTANCE_NOT_CLOSED,services/api/src/modules/genealogy,Existing M3/M4 acceptance; assess every requirement against current head
SRCH-FR-001,Search shall find People by Nepali/English name and normalized spelling variants.,Member/Admin,Relevant matches return within performance target.,MANDATORY_RELEASE_1,ACCEPTANCE_NOT_CLOSED,services/api/src/modules/genealogy/search,Existing M3 search coverage; production-scale and locale acceptance outstanding
SRCH-FR-002,"Person search shall support branch, generation, location and life-status filters.",Member/Admin,Filters constrain result set correctly.,MANDATORY_RELEASE_1,ACCEPTANCE_NOT_CLOSED,services/api/src/modules/genealogy/search,Existing M3 search coverage; production-scale and locale acceptance outstanding
SRCH-FR-003,Search responses shall contain only viewer-permitted data.,System,Hidden contact/location/private fields never leak into result payloads.,MANDATORY_RELEASE_1,ACCEPTANCE_NOT_CLOSED,services/api/src/modules/genealogy/search,Existing M3 search coverage; production-scale and locale acceptance outstanding
SRCH-FR-004,Search shall identify possible existing People during claim/new-Person flows.,System,Candidate matches are shown or flagged before new record creation.,MANDATORY_RELEASE_1,ACCEPTANCE_NOT_CLOSED,services/api/src/modules/genealogy/search,Existing M3 search coverage; production-scale and locale acceptance outstanding
SRCH-FR-005,"Search shall support cultural content, events and community content in their respective modules.",Member,Results are categorized and deep-link correctly.,MANDATORY_RELEASE_1,ACCEPTANCE_NOT_CLOSED,services/api/src/modules/genealogy/search,Existing M3 search coverage; production-scale and locale acceptance outstanding
SRCH-FR-006,Search shall support transliteration/alias normalization without altering source names.,System,Configured search keys improve recall.,MANDATORY_RELEASE_1,ACCEPTANCE_NOT_CLOSED,services/api/src/modules/genealogy/search,Existing M3 search coverage; production-scale and locale acceptance outstanding
SRCH-FR-007,Search APIs shall paginate and sort deterministically.,System,Large sets paginate without duplicate or missing records.,MANDATORY_RELEASE_1,ACCEPTANCE_NOT_CLOSED,services/api/src/modules/genealogy/search,Existing M3 search coverage; production-scale and locale acceptance outstanding
SRCH-FR-008,Admin search shall support exact Person/User/Request ID lookup.,Admin,Authorized exact-ID lookup resolves directly.,MANDATORY_RELEASE_1,ACCEPTANCE_NOT_CLOSED,services/api/src/modules/genealogy/search,Existing M3 search coverage; production-scale and locale acceptance outstanding
CLAIM-FR-001,A registered member shall search the genealogy before requesting a new Person.,Member,New-Person flow presents possible matches first.,MANDATORY_RELEASE_1,ACCEPTANCE_NOT_CLOSED,services/api/src/modules/claims,M4 real Android/API acceptance at 8bfe0fb; later changes require exact-head CI
CLAIM-FR-002,A member shall submit a claim for an existing Person.,Member,"Claim captures user, Person, context/evidence and timestamp.",MANDATORY_RELEASE_1,ACCEPTANCE_NOT_CLOSED,services/api/src/modules/claims,M4 real Android/API acceptance at 8bfe0fb; later changes require exact-head CI
CLAIM-FR-003,The member shall attach approved supporting evidence or family context.,Member,Valid evidence is securely stored and linked to claim.,MANDATORY_RELEASE_1,ACCEPTANCE_NOT_CLOSED,services/api/src/modules/claims,M4 real Android/API acceptance at 8bfe0fb; later changes require exact-head CI
CLAIM-FR-004,Submitted claim shall enter a governed review workflow.,System,"Claim receives state, reviewer scope and queue placement.",MANDATORY_RELEASE_1,ACCEPTANCE_NOT_CLOSED,services/api/src/modules/claims,M4 real Android/API acceptance at 8bfe0fb; later changes require exact-head CI
CLAIM-FR-005,Authorized verifier shall approve a valid claim within assigned scope.,Verifier,Approval links User Account to Person and records decision.,MANDATORY_RELEASE_1,ACCEPTANCE_NOT_CLOSED,services/api/src/modules/claims,M4 real Android/API acceptance at 8bfe0fb; later changes require exact-head CI
CLAIM-FR-006,Authorized verifier shall reject a claim with reason.,Verifier,Person remains unlinked; member receives feedback.,MANDATORY_RELEASE_1,ACCEPTANCE_NOT_CLOSED,services/api/src/modules/claims,M4 real Android/API acceptance at 8bfe0fb; later changes require exact-head CI
CLAIM-FR-007,Verifier shall request correction/additional evidence.,Verifier,Claim enters correction-requested state and member can resubmit.,MANDATORY_RELEASE_1,ACCEPTANCE_NOT_CLOSED,services/api/src/modules/claims,M4 real Android/API acceptance at 8bfe0fb; later changes require exact-head CI
CLAIM-FR-008,Out-of-scope/disputed claim shall be escalatable to Super Admin.,Verifier/Super Admin,Escalation preserves full history and evidence.,MANDATORY_RELEASE_1,ACCEPTANCE_NOT_CLOSED,services/api/src/modules/claims,M4 real Android/API acceptance at 8bfe0fb; later changes require exact-head CI
CLAIM-FR-009,The system shall detect conflicting active claims.,System,Conflict is blocked or routed for resolution according to policy.,MANDATORY_RELEASE_1,ACCEPTANCE_NOT_CLOSED,services/api/src/modules/claims,M4 real Android/API acceptance at 8bfe0fb; later changes require exact-head CI
CLAIM-FR-010,Member shall see claim status and reviewer feedback.,Member,Current state and available next action are visible.,MANDATORY_RELEASE_1,ACCEPTANCE_NOT_CLOSED,services/api/src/modules/claims,M4 real Android/API acceptance at 8bfe0fb; later changes require exact-head CI
CLAIM-FR-011,Claim decisions shall trigger in-app/push notification according to preference.,System,Member receives approved/rejected/correction update.,MANDATORY_RELEASE_1,ACCEPTANCE_NOT_CLOSED,services/api/src/modules/claims,M4 real Android/API acceptance at 8bfe0fb; later changes require exact-head CI
CLAIM-FR-012,Every claim transition shall be auditable.,System,"Actor, timestamp, state change, reason and evidence references are recorded.",MANDATORY_RELEASE_1,ACCEPTANCE_NOT_CLOSED,services/api/src/modules/claims,M4 real Android/API acceptance at 8bfe0fb; later changes require exact-head CI
CHG-FR-001,Member shall request adding a parent.,Member,Request enters review; trusted graph remains unchanged before approval.,MANDATORY_RELEASE_1,ACCEPTANCE_NOT_CLOSED,services/api/src/modules/change-requests,M4 real Android/API acceptance at 8bfe0fb; current mutation types require full requirement reconciliation
CHG-FR-002,Member shall request adding a spouse.,Member,Request enters review; trusted graph remains unchanged before approval.,MANDATORY_RELEASE_1,ACCEPTANCE_NOT_CLOSED,services/api/src/modules/change-requests,M4 real Android/API acceptance at 8bfe0fb; current mutation types require full requirement reconciliation
CHG-FR-003,Member shall request adding a child.,Member,Request enters review; trusted graph remains unchanged before approval.,MANDATORY_RELEASE_1,ACCEPTANCE_NOT_CLOSED,services/api/src/modules/change-requests,M4 real Android/API acceptance at 8bfe0fb; current mutation types require full requirement reconciliation
CHG-FR-004,Member shall request another supported family connection.,Member,Relationship context and proposed Person/link are captured.,MANDATORY_RELEASE_1,ACCEPTANCE_NOT_CLOSED,services/api/src/modules/change-requests,M4 real Android/API acceptance at 8bfe0fb; current mutation types require full requirement reconciliation
CHG-FR-005,Member shall request correcting Person information.,Member,Existing and proposed values are captured.,MANDATORY_RELEASE_1,ACCEPTANCE_NOT_CLOSED,services/api/src/modules/change-requests,M4 real Android/API acceptance at 8bfe0fb; current mutation types require full requirement reconciliation
CHG-FR-006,Member shall request recording a death.,Member,Death facts/evidence are captured for review.,MANDATORY_RELEASE_1,ACCEPTANCE_NOT_CLOSED,services/api/src/modules/change-requests,M4 real Android/API acceptance at 8bfe0fb; current mutation types require full requirement reconciliation
CHG-FR-007,Member shall attach evidence to a genealogy request.,Member,"Files validate, scan and remain private to authorized roles.",MANDATORY_RELEASE_1,ACCEPTANCE_NOT_CLOSED,services/api/src/modules/change-requests,M4 real Android/API acceptance at 8bfe0fb; current mutation types require full requirement reconciliation
CHG-FR-008,Verifier shall see before/after and graph-impact preview.,Verifier,Review UI shows affected People/links and proposed change.,MANDATORY_RELEASE_1,ACCEPTANCE_NOT_CLOSED,services/api/src/modules/change-requests,M4 real Android/API acceptance at 8bfe0fb; current mutation types require full requirement reconciliation
CHG-FR-009,"Verifier shall approve, reject or request correction.",Verifier,State transition validates authority and requires reason where appropriate.,MANDATORY_RELEASE_1,ACCEPTANCE_NOT_CLOSED,services/api/src/modules/change-requests,M4 real Android/API acceptance at 8bfe0fb; current mutation types require full requirement reconciliation
CHG-FR-010,Approved genealogy change shall apply atomically.,System,All intended mutations commit together or none commit.,MANDATORY_RELEASE_1,ACCEPTANCE_NOT_CLOSED,services/api/src/modules/change-requests,M4 real Android/API acceptance at 8bfe0fb; current mutation types require full requirement reconciliation
CHG-FR-011,Rejected/correction-requested changes shall not mutate trusted genealogy.,System,Official graph remains unchanged.,MANDATORY_RELEASE_1,ACCEPTANCE_NOT_CLOSED,services/api/src/modules/change-requests,M4 real Android/API acceptance at 8bfe0fb; current mutation types require full requirement reconciliation
CHG-FR-012,"Sensitive, cross-branch or duplicate-related requests shall route to Super Admin when required.",System/Verifier,Unauthorized verifier cannot decide.,MANDATORY_RELEASE_1,ACCEPTANCE_NOT_CLOSED,services/api/src/modules/change-requests,M4 real Android/API acceptance at 8bfe0fb; current mutation types require full requirement reconciliation
CHG-FR-013,Member shall see history and status of own requests.,Member,"Requests list states, dates and reviewer feedback.",MANDATORY_RELEASE_1,ACCEPTANCE_NOT_CLOSED,services/api/src/modules/change-requests,M4 real Android/API acceptance at 8bfe0fb; current mutation types require full requirement reconciliation
CHG-FR-014,Approved change may notify affected followers according to policy/preferences.,System,"Notification is emitted after commit, never before.",MANDATORY_RELEASE_1,ACCEPTANCE_NOT_CLOSED,services/api/src/modules/change-requests,M4 real Android/API acceptance at 8bfe0fb; current mutation types require full requirement reconciliation
CHG-FR-015,Every genealogy request and decision shall retain full audit history and evidence references.,System,Authorized admin can reconstruct the workflow.,MANDATORY_RELEASE_1,ACCEPTANCE_NOT_CLOSED,services/api/src/modules/change-requests,M4 real Android/API acceptance at 8bfe0fb; current mutation types require full requirement reconciliation
DUP-FR-001,The system shall evaluate duplicate candidates before manual or imported Person creation.,System,Candidate list/score is produced before commit.,MANDATORY_RELEASE_1,ACCEPTANCE_NOT_CLOSED,services/api/src/modules/genealogy/duplicate; apps/admin/src/app/duplicates,Existing merge workbench needs requirement-by-requirement evidence
DUP-FR-002,"Duplicate scoring shall consider names/aliases, parents, spouse, dates, branch, generation and location where available.",System,Score includes deterministic evidence/signals.,MANDATORY_RELEASE_1,ACCEPTANCE_NOT_CLOSED,services/api/src/modules/genealogy/duplicate; apps/admin/src/app/duplicates,Existing merge workbench needs requirement-by-requirement evidence
DUP-FR-003,Potential duplicates shall enter an administrative review queue.,Admin,Candidate pair/group is reviewable side by side.,MANDATORY_RELEASE_1,ACCEPTANCE_NOT_CLOSED,services/api/src/modules/genealogy/duplicate; apps/admin/src/app/duplicates,Existing merge workbench needs requirement-by-requirement evidence
DUP-FR-004,Authorized admin shall mark candidates as not duplicates.,Admin,Candidate closes without Person mutation.,MANDATORY_RELEASE_1,ACCEPTANCE_NOT_CLOSED,services/api/src/modules/genealogy/duplicate; apps/admin/src/app/duplicates,Existing merge workbench needs requirement-by-requirement evidence
DUP-FR-005,Authorized admin shall merge confirmed duplicates into a canonical Person.,Super Admin/Delegated Admin,Merge transaction commits atomically.,MANDATORY_RELEASE_1,ACCEPTANCE_NOT_CLOSED,services/api/src/modules/genealogy/duplicate; apps/admin/src/app/duplicates,Existing merge workbench needs requirement-by-requirement evidence
DUP-FR-006,"Merge shall preserve direct relationships, provenance, source references and prior IDs.",System,No approved genealogy fact is silently lost.,MANDATORY_RELEASE_1,ACCEPTANCE_NOT_CLOSED,services/api/src/modules/genealogy/duplicate; apps/admin/src/app/duplicates,Existing merge workbench needs requirement-by-requirement evidence
DUP-FR-007,Conflicting fields shall require explicit resolution before merge commit.,Admin,Merge cannot commit while required conflicts remain unresolved.,MANDATORY_RELEASE_1,ACCEPTANCE_NOT_CLOSED,services/api/src/modules/genealogy/duplicate; apps/admin/src/app/duplicates,Existing merge workbench needs requirement-by-requirement evidence
DUP-FR-008,Merged source IDs shall remain administratively traceable to canonical Person.,System,Old ID resolves/redirects in authorized contexts.,MANDATORY_RELEASE_1,ACCEPTANCE_NOT_CLOSED,services/api/src/modules/genealogy/duplicate; apps/admin/src/app/duplicates,Existing merge workbench needs requirement-by-requirement evidence
DUP-FR-009,Merge action shall be fully audited.,System,"Canonical/merged IDs, actor, decisions and time are recorded.",MANDATORY_RELEASE_1,ACCEPTANCE_NOT_CLOSED,services/api/src/modules/genealogy/duplicate; apps/admin/src/app/duplicates,Existing merge workbench needs requirement-by-requirement evidence
REL-FR-001,The system shall derive indirect relationships from verified direct links only.,System,Unverified links do not participate in official results.,MANDATORY_RELEASE_1,ACCEPTANCE_NOT_CLOSED,services/api/src/modules/cultural-rules,Existing rule machinery must be reconciled with all requirements; unapproved cultural gates stay closed
REL-FR-002,"The engine shall calculate parent, child, sibling, grandparent and grandchild relationships.",System,Signed reference cases pass.,MANDATORY_RELEASE_1,ACCEPTANCE_NOT_CLOSED,services/api/src/modules/cultural-rules,Existing rule machinery must be reconciled with all requirements; unapproved cultural gates stay closed
REL-FR-003,The engine shall calculate cousin degree/removal from common-ancestor paths where applicable.,System,Results match genealogical-distance rules.,MANDATORY_RELEASE_1,ACCEPTANCE_NOT_CLOSED,services/api/src/modules/cultural-rules,Existing rule machinery must be reconciled with all requirements; unapproved cultural gates stay closed
REL-FR-004,The engine shall calculate spouse/affinal relationship paths.,System,Approved affinal paths resolve without being mislabeled as blood relationships.,MANDATORY_RELEASE_1,ACCEPTANCE_NOT_CLOSED,services/api/src/modules/cultural-rules,Existing rule machinery must be reconciled with all requirements; unapproved cultural gates stay closed
REL-FR-005,Relationship shall be displayed relative to the logged-in or selected Person.,Member,Profile/tree shows “Your …” only when resolvable.,MANDATORY_RELEASE_1,ACCEPTANCE_NOT_CLOSED,services/api/src/modules/cultural-rules,Existing rule machinery must be reconciled with all requirements; unapproved cultural gates stay closed
REL-FR-006,The engine shall support approved Nepali Nata/Saino terminology.,System/Religious Representative,Versioned rule maps verified path to approved term.,MANDATORY_RELEASE_1,ACCEPTANCE_NOT_CLOSED,services/api/src/modules/cultural-rules,Existing rule machinery must be reconciled with all requirements; unapproved cultural gates stay closed
REL-FR-007,The engine shall provide English relationship terminology.,System,English label is available for supported paths.,MANDATORY_RELEASE_1,ACCEPTANCE_NOT_CLOSED,services/api/src/modules/cultural-rules,Existing rule machinery must be reconciled with all requirements; unapproved cultural gates stay closed
REL-FR-008,The system shall expose a relationship-path explanation where permitted.,Member/Admin,User can see connecting chain without private-field leakage.,MANDATORY_RELEASE_1,ACCEPTANCE_NOT_CLOSED,services/api/src/modules/cultural-rules,Existing rule machinery must be reconciled with all requirements; unapproved cultural gates stay closed
REL-FR-009,Multiple valid paths shall produce a deterministic canonical display while retaining alternatives for administrative review.,System,Same graph produces stable result.,MANDATORY_RELEASE_1,ACCEPTANCE_NOT_CLOSED,services/api/src/modules/cultural-rules,Existing rule machinery must be reconciled with all requirements; unapproved cultural gates stay closed
REL-FR-010,Interactive relationship search shall enforce maximum traversal depth and resource limits.,System,Query cannot cause unbounded traversal.,MANDATORY_RELEASE_1,ACCEPTANCE_NOT_CLOSED,services/api/src/modules/cultural-rules,Existing rule machinery must be reconciled with all requirements; unapproved cultural gates stay closed
REL-FR-011,Relationship caches/results shall invalidate when relevant verified links change.,System,No stale result remains after genealogy mutation.,MANDATORY_RELEASE_1,ACCEPTANCE_NOT_CLOSED,services/api/src/modules/cultural-rules,Existing rule machinery must be reconciled with all requirements; unapproved cultural gates stay closed
REL-FR-012,Unsupported path shall not receive invented cultural terminology.,System,Neutral path/unmapped state is displayed.,MANDATORY_RELEASE_1,ACCEPTANCE_NOT_CLOSED,services/api/src/modules/cultural-rules,Existing rule machinery must be reconciled with all requirements; unapproved cultural gates stay closed
REL-FR-013,Relationship-rule versions shall require approval and effective-date metadata.,Religious Representative/Admin,Only approved effective version produces authoritative Nata/Saino.,MANDATORY_RELEASE_1,ACCEPTANCE_NOT_CLOSED,services/api/src/modules/cultural-rules,Existing rule machinery must be reconciled with all requirements; unapproved cultural gates stay closed
CUL-FR-001,"The application shall provide authoritative sections for Kashyap Rishi, Bindabasini Devi, Adhikari history, Goth Puja, Dewali/Devali, Shraddha and other approved traditions.",Member,Published sections are navigable in both supported languages where translations exist.,MANDATORY_RELEASE_1,ACCEPTANCE_NOT_CLOSED,services/api/src/database/repositories/cultural-article.repository.ts,Governed cultural content CMS and publication/translation workflows need completion; authoritative content remains approval-gated
CUL-FR-002,Cultural content shall be managed from the administration portal and shall not require a mobile-app release for normal content updates.,Content Manager,Published revision becomes available through content APIs.,MANDATORY_RELEASE_1,ACCEPTANCE_NOT_CLOSED,services/api/src/database/repositories/cultural-article.repository.ts,Governed cultural content CMS and publication/translation workflows need completion; authoritative content remains approval-gated
CUL-FR-003,"Content shall support draft, review, approved, published, archived and superseded lifecycle states.",Content Manager/Religious Representative,Invalid state transitions are rejected.,MANDATORY_RELEASE_1,ACCEPTANCE_NOT_CLOSED,services/api/src/database/repositories/cultural-article.repository.ts,Governed cultural content CMS and publication/translation workflows need completion; authoritative content remains approval-gated
CUL-FR-004,Authoritative religious/cultural content shall require approval by an assigned Community/Religious Representative before publication.,Religious Representative,Unapproved authoritative revision cannot be published.,MANDATORY_RELEASE_1,ACCEPTANCE_NOT_CLOSED,services/api/src/database/repositories/cultural-article.repository.ts,Governed cultural content CMS and publication/translation workflows need completion; authoritative content remains approval-gated
CUL-FR-005,"Content shall support structured headings, rich text, images, references, attachments and related-content links.",Content Manager,Valid content renders consistently on mobile and admin preview.,MANDATORY_RELEASE_1,ACCEPTANCE_NOT_CLOSED,services/api/src/database/repositories/cultural-article.repository.ts,Governed cultural content CMS and publication/translation workflows need completion; authoritative content remains approval-gated
CUL-FR-006,"Every published revision shall retain version, author, reviewer, approval, publish date and provenance.",System,Admin can reconstruct publication history.,MANDATORY_RELEASE_1,ACCEPTANCE_NOT_CLOSED,services/api/src/database/repositories/cultural-article.repository.ts,Governed cultural content CMS and publication/translation workflows need completion; authoritative content remains approval-gated
CUL-FR-007,Published content shall support Nepali and English variants linked to the same content concept.,Content Manager,Language switch preserves article context when translation exists.,MANDATORY_RELEASE_1,ACCEPTANCE_NOT_CLOSED,services/api/src/database/repositories/cultural-article.repository.ts,Governed cultural content CMS and publication/translation workflows need completion; authoritative content remains approval-gated
CUL-FR-008,Superseding a cultural rule/article shall not silently overwrite historical revisions.,System,Prior revision remains auditable.,MANDATORY_RELEASE_1,ACCEPTANCE_NOT_CLOSED,services/api/src/database/repositories/cultural-article.repository.ts,Governed cultural content CMS and publication/translation workflows need completion; authoritative content remains approval-gated
CUL-FR-009,"Content search shall index title, approved keywords and body text subject to publication state.",Member,Published relevant content is searchable.,MANDATORY_RELEASE_1,ACCEPTANCE_NOT_CLOSED,services/api/src/database/repositories/cultural-article.repository.ts,Governed cultural content CMS and publication/translation workflows need completion; authoritative content remains approval-gated
CUL-FR-010,Removed or unpublished content shall stop appearing in member surfaces while remaining available to authorized audit users.,System,Member API returns no unpublished revision.,MANDATORY_RELEASE_1,ACCEPTANCE_NOT_CLOSED,services/api/src/database/repositories/cultural-article.repository.ts,Governed cultural content CMS and publication/translation workflows need completion; authoritative content remains approval-gated
CAL-FR-001,"The system shall support Gregorian (AD), Bikram Sambat (BS) and Tithi-based date representations required by the business.",System,Approved reference dates render correctly.,MANDATORY_RELEASE_1,ACCEPTANCE_NOT_CLOSED,services/api/src/modules/calendar,"M4 event/RSVP checks exist; recurrence, date-source and full scope/audience acceptance remain"
CAL-FR-002,"Date storage shall preserve source calendar, source value, conversion metadata and confidence/provenance where applicable.",System,Original source date is never lost through conversion.,MANDATORY_RELEASE_1,ACCEPTANCE_NOT_CLOSED,services/api/src/modules/calendar,"M4 event/RSVP checks exist; recurrence, date-source and full scope/audience acceptance remain"
CAL-FR-003,"Members shall view a family/community calendar with birthday, death/Shraddha, 84 Puja, marriage, Bratabandha, Dewali/Goth Puja, family gathering and community-event categories.",Member,Each supported event type appears with permission-respecting details.,MANDATORY_RELEASE_1,ACCEPTANCE_NOT_CLOSED,services/api/src/modules/calendar,"M4 event/RSVP checks exist; recurrence, date-source and full scope/audience acceptance remain"
CAL-FR-004,Authorized users shall create and manage family/community events.,Authorized Member/Admin,"Event validates title, date model, visibility and organizer authority.",MANDATORY_RELEASE_1,ACCEPTANCE_NOT_CLOSED,services/api/src/modules/calendar,"M4 event/RSVP checks exist; recurrence, date-source and full scope/audience acceptance remain"
CAL-FR-005,The system shall derive approved recurring family reminders from verified Person/event data.,System,Reference recurrence cases produce expected occurrence dates.,MANDATORY_RELEASE_1,ACCEPTANCE_NOT_CLOSED,services/api/src/modules/calendar,"M4 event/RSVP checks exist; recurrence, date-source and full scope/audience acceptance remain"
CAL-FR-006,"Tithi calculation/integration shall use an approved, versioned calendar rule/source.",System/Religious Representative,Only approved rule/source can produce authoritative Tithi.,MANDATORY_RELEASE_1,ACCEPTANCE_NOT_CLOSED,services/api/src/modules/calendar,"M4 event/RSVP checks exist; recurrence, date-source and full scope/audience acceptance remain"
CAL-FR-007,Tithi results shall store the rule/source version used for reproducibility.,System,Historic calculation can be traced to its rule version.,MANDATORY_RELEASE_1,ACCEPTANCE_NOT_CLOSED,services/api/src/modules/calendar,"M4 event/RSVP checks exist; recurrence, date-source and full scope/audience acceptance remain"
CAL-FR-008,"When an authoritative Tithi cannot be calculated, the system shall display a clear unavailable/pending state rather than inventing a date.",System,No fabricated Tithi is shown.,MANDATORY_RELEASE_1,ACCEPTANCE_NOT_CLOSED,services/api/src/modules/calendar,"M4 event/RSVP checks exist; recurrence, date-source and full scope/audience acceptance remain"
CAL-FR-009,Members shall switch calendar display between supported representations without changing the underlying event.,Member,Switching representation preserves event identity.,MANDATORY_RELEASE_1,ACCEPTANCE_NOT_CLOSED,services/api/src/modules/calendar,"M4 event/RSVP checks exist; recurrence, date-source and full scope/audience acceptance remain"
CAL-FR-010,"Calendar shall support day, month and agenda views appropriate to mobile.",Member,Navigation returns correct events for selected range.,MANDATORY_RELEASE_1,ACCEPTANCE_NOT_CLOSED,services/api/src/modules/calendar,"M4 event/RSVP checks exist; recurrence, date-source and full scope/audience acceptance remain"
CAL-FR-011,"Event visibility shall honor family, branch, invitee, community and administrative access rules.",System,Unauthorized events are not disclosed.,MANDATORY_RELEASE_1,ACCEPTANCE_NOT_CLOSED,services/api/src/modules/calendar,"M4 event/RSVP checks exist; recurrence, date-source and full scope/audience acceptance remain"
CAL-FR-012,Event changes/cancellations shall notify affected invitees/followers according to preference and policy.,System,Relevant notification is generated after committed change.,MANDATORY_RELEASE_1,ACCEPTANCE_NOT_CLOSED,services/api/src/modules/calendar,"M4 event/RSVP checks exist; recurrence, date-source and full scope/audience acceptance remain"
CAL-FR-013,Calendar conversions and recurrence logic shall be covered by signed reference-case tests.,QA/Religious Representative,All approved reference cases pass before release.,MANDATORY_RELEASE_1,ACCEPTANCE_NOT_CLOSED,services/api/src/modules/calendar,"M4 event/RSVP checks exist; recurrence, date-source and full scope/audience acceptance remain"
JUT-FR-001,The Release 1.0 product shall implement Jutho determination from a verified deceased Person to a viewing/selected Person using approved relationship rules.,System,Signed reference cases return the approved result.,MANDATORY_RELEASE_1,ACCEPTANCE_NOT_CLOSED,services/api/src/modules/cultural-rules,Existing closed-gate behavior; approved schedules and full calculation acceptance required
JUT-FR-002,Jutho rules shall be stored as versioned configuration/rule data rather than embedded as unreviewable application logic.,System/Admin,Active result records reference rule-set version.,MANDATORY_RELEASE_1,ACCEPTANCE_NOT_CLOSED,services/api/src/modules/cultural-rules,Existing closed-gate behavior; approved schedules and full calculation acceptance required
JUT-FR-003,Only an approved and effective Jutho rule set may be used for authoritative member guidance.,Religious Representative/Super Admin,Draft rule sets cannot drive production results.,MANDATORY_RELEASE_1,ACCEPTANCE_NOT_CLOSED,services/api/src/modules/cultural-rules,Existing closed-gate behavior; approved schedules and full calculation acceptance required
JUT-FR-004,"The system shall support the documented indication classes: 13 days, 5 days, 3 days, 1 day and not applicable, with final relationship mapping signed by designated representatives.",System,Every approved mapped relationship returns exactly one applicable class.,MANDATORY_RELEASE_1,ACCEPTANCE_NOT_CLOSED,services/api/src/modules/cultural-rules,Existing closed-gate behavior; approved schedules and full calculation acceptance required
JUT-FR-005,"The member interface shall present Jutho duration, approved indication/color, relationship basis and a cultural-guidance disclaimer/context supplied by authorized content managers.",Member,Result page explains basis without exposing unauthorized genealogy.,MANDATORY_RELEASE_1,ACCEPTANCE_NOT_CLOSED,services/api/src/modules/cultural-rules,Existing closed-gate behavior; approved schedules and full calculation acceptance required
JUT-FR-006,Exceptions shall be expressible in the approved rule catalogue with priority and applicability criteria.,Religious Representative/Admin,Exception reference tests override general rule deterministically.,MANDATORY_RELEASE_1,ACCEPTANCE_NOT_CLOSED,services/api/src/modules/cultural-rules,Existing closed-gate behavior; approved schedules and full calculation acceptance required
JUT-FR-007,"If genealogy is incomplete, disputed or unverified, the system shall state that Jutho cannot yet be determined authoritatively.",System,No authoritative result is generated from unverified path.,MANDATORY_RELEASE_1,ACCEPTANCE_NOT_CLOSED,services/api/src/modules/cultural-rules,Existing closed-gate behavior; approved schedules and full calculation acceptance required
JUT-FR-008,Changes to genealogy or active Jutho rules shall invalidate affected cached determinations.,System,Recalculation uses current approved facts/rules.,MANDATORY_RELEASE_1,ACCEPTANCE_NOT_CLOSED,services/api/src/modules/cultural-rules,Existing closed-gate behavior; approved schedules and full calculation acceptance required
JUT-FR-009,Jutho rule changes and calculations used for material notifications shall be auditable.,System,Admin can identify rule version and relationship path used.,MANDATORY_RELEASE_1,ACCEPTANCE_NOT_CLOSED,services/api/src/modules/cultural-rules,Existing closed-gate behavior; approved schedules and full calculation acceptance required
NOT-FR-001,"Members shall follow selected People, immediate-family scopes, branches, generations and supported relationship groups.",Member,Follow target is saved only if member has permission to reference it.,MANDATORY_RELEASE_1,ACCEPTANCE_NOT_CLOSED,services/api/src/modules/notifications,"Durable dispatcher exists; inbox, follows, scheduled events, broadcast UI and live provider acceptance outstanding"
NOT-FR-002,Members shall unfollow any self-selected follow target.,Member,Future non-mandatory notifications for that target stop.,MANDATORY_RELEASE_1,ACCEPTANCE_NOT_CLOSED,services/api/src/modules/notifications,"Durable dispatcher exists; inbox, follows, scheduled events, broadcast UI and live provider acceptance outstanding"
NOT-FR-003,"The system shall generate relevant reminders/updates for birthdays, 84 Puja, death/Shraddha, marriage, Bratabandha, puja, gatherings, approved genealogy changes and community announcements.",System,Eligible events create notification records.,MANDATORY_RELEASE_1,ACCEPTANCE_NOT_CLOSED,services/api/src/modules/notifications,"Durable dispatcher exists; inbox, follows, scheduled events, broadcast UI and live provider acceptance outstanding"
NOT-FR-004,Members shall configure notification categories independently.,Member,Disabled category is suppressed except legally/security-mandatory notices.,MANDATORY_RELEASE_1,ACCEPTANCE_NOT_CLOSED,services/api/src/modules/notifications,"Durable dispatcher exists; inbox, follows, scheduled events, broadcast UI and live provider acceptance outstanding"
NOT-FR-005,Members shall configure push and in-app delivery preferences where supported.,Member,Preference is honored by dispatch service.,MANDATORY_RELEASE_1,ACCEPTANCE_NOT_CLOSED,services/api/src/modules/notifications,"Durable dispatcher exists; inbox, follows, scheduled events, broadcast UI and live provider acceptance outstanding"
NOT-FR-006,Notification payloads displayed on a locked device shall minimize sensitive family information.,System,Push preview follows configured privacy-safe template.,MANDATORY_RELEASE_1,ACCEPTANCE_NOT_CLOSED,services/api/src/modules/notifications,"Durable dispatcher exists; inbox, follows, scheduled events, broadcast UI and live provider acceptance outstanding"
NOT-FR-007,Notifications shall deep-link to an authorized application destination.,Member,Tap opens intended accessible screen or safe fallback.,MANDATORY_RELEASE_1,ACCEPTANCE_NOT_CLOSED,services/api/src/modules/notifications,"Durable dispatcher exists; inbox, follows, scheduled events, broadcast UI and live provider acceptance outstanding"
NOT-FR-008,The system shall avoid duplicate notifications for the same event/user/channel through idempotency keys.,System,Retry does not create duplicate user-visible notification.,MANDATORY_RELEASE_1,ACCEPTANCE_NOT_CLOSED,services/api/src/modules/notifications,"Durable dispatcher exists; inbox, follows, scheduled events, broadcast UI and live provider acceptance outstanding"
NOT-FR-009,Members shall view notification history and mark items read/unread.,Member,State persists across devices.,MANDATORY_RELEASE_1,ACCEPTANCE_NOT_CLOSED,services/api/src/modules/notifications,"Durable dispatcher exists; inbox, follows, scheduled events, broadcast UI and live provider acceptance outstanding"
NOT-FR-010,"Administrative broadcast notices shall support target scopes such as all members, branch, generation or defined audience.",Authorized Admin,Only authorized scope is selectable and delivery is audited.,MANDATORY_RELEASE_1,ACCEPTANCE_NOT_CLOSED,services/api/src/modules/notifications,"Durable dispatcher exists; inbox, follows, scheduled events, broadcast UI and live provider acceptance outstanding"
NOT-FR-011,Notification delivery failures shall be logged/retried according to provider policy without blocking primary business transactions.,System,Core transaction succeeds even when provider is temporarily unavailable.,MANDATORY_RELEASE_1,ACCEPTANCE_NOT_CLOSED,services/api/src/modules/notifications,"Durable dispatcher exists; inbox, follows, scheduled events, broadcast UI and live provider acceptance outstanding"
INV-FR-001,"Authorized members shall create invitations for marriage, Bratabandha, 84 Puja, puja, family gathering and approved event types.",Member,"Invitation validates organizer, event type, date, venue and audience.",MANDATORY_RELEASE_1,ACCEPTANCE_NOT_CLOSED,services/api/src/modules/calendar,"Calendar RSVP exists; audience preview, snapshots, invitation templates and sending require completion"
INV-FR-002,"Invitation shall include card/presentation, title, details, date/time, venue and map location where provided.",Member,Invitee sees complete approved invitation detail.,MANDATORY_RELEASE_1,ACCEPTANCE_NOT_CLOSED,services/api/src/modules/calendar,"Calendar RSVP exists; audience preview, snapshots, invitation templates and sending require completion"
INV-FR-003,Creator shall select individual invitees from permitted genealogy records.,Member,Selection resolves to valid Person/User recipients without exposing private data.,MANDATORY_RELEASE_1,ACCEPTANCE_NOT_CLOSED,services/api/src/modules/calendar,"Calendar RSVP exists; audience preview, snapshots, invitation templates and sending require completion"
INV-FR-004,"Creator shall select genealogy-derived audiences including approved relationship groups, descendants of an ancestor, branch and generation.",Member,Recipient preview accurately resolves against verified graph.,MANDATORY_RELEASE_1,ACCEPTANCE_NOT_CLOSED,services/api/src/modules/calendar,"Calendar RSVP exists; audience preview, snapshots, invitation templates and sending require completion"
INV-FR-005,"Before send, the system shall show recipient count and a preview to reduce accidental mass sends.",Member,Send action requires explicit confirmation.,MANDATORY_RELEASE_1,ACCEPTANCE_NOT_CLOSED,services/api/src/modules/calendar,"Calendar RSVP exists; audience preview, snapshots, invitation templates and sending require completion"
INV-FR-006,Registered invitees shall receive in-app/push invitation notification according to delivery policy.,System,Invitation appears in invitee inbox/history.,MANDATORY_RELEASE_1,ACCEPTANCE_NOT_CLOSED,services/api/src/modules/calendar,"Calendar RSVP exists; audience preview, snapshots, invitation templates and sending require completion"
INV-FR-007,"Invitees shall respond Attending, Not Attending or Maybe where the event enables RSVP.",Member,Latest valid response is visible to invitee and organizer.,MANDATORY_RELEASE_1,ACCEPTANCE_NOT_CLOSED,services/api/src/modules/calendar,"Calendar RSVP exists; audience preview, snapshots, invitation templates and sending require completion"
INV-FR-008,Organizer shall see RSVP summary and permitted attendee responses.,Member,Counts match current recipient-response records.,MANDATORY_RELEASE_1,ACCEPTANCE_NOT_CLOSED,services/api/src/modules/calendar,"Calendar RSVP exists; audience preview, snapshots, invitation templates and sending require completion"
INV-FR-009,Invitation updates/cancellations shall be versioned and notify affected invitees.,System,Invitee sees current state and update notice.,MANDATORY_RELEASE_1,ACCEPTANCE_NOT_CLOSED,services/api/src/modules/calendar,"Calendar RSVP exists; audience preview, snapshots, invitation templates and sending require completion"
INV-FR-010,Genealogy-based recipient resolution shall be reproducible using the verified graph snapshot/query context used at send time.,System,Audit can reconstruct selection basis.,MANDATORY_RELEASE_1,ACCEPTANCE_NOT_CLOSED,services/api/src/modules/calendar,"Calendar RSVP exists; audience preview, snapshots, invitation templates and sending require completion"
INV-FR-011,Invitation visibility shall not grant unrelated access to private Person data.,System,Recipient list/detail follows privacy policy.,MANDATORY_RELEASE_1,ACCEPTANCE_NOT_CLOSED,services/api/src/modules/calendar,"Calendar RSVP exists; audience preview, snapshots, invitation templates and sending require completion"
INV-FR-012,"Invitation send, resend, cancellation and audience-changing actions shall be rate-limited and audited.",System,Abuse controls and audit entries are present.,MANDATORY_RELEASE_1,ACCEPTANCE_NOT_CLOSED,services/api/src/modules/calendar,"Calendar RSVP exists; audience preview, snapshots, invitation templates and sending require completion"
COM-FR-001,"Verified members shall create community-relevant posts in approved categories including announcements, missing-person notices, property/room availability, assistance requests and community programs.",Member,Valid post is created with category and visibility.,MANDATORY_RELEASE_1,ACCEPTANCE_NOT_CLOSED,services/api/src/modules/community; apps/admin/src/app/community; apps/mobile/lib/screens/community_screen.dart,"Community checkpoint CI 35514832719 passed; attachments, keyword handling, edit history, moderation appeals and threaded mobile UI still require completion"
COM-FR-002,"Posts shall support text, approved images/media, location and contact information subject to privacy controls.",Member,File/field validation and visibility rules are applied.,MANDATORY_RELEASE_1,ACCEPTANCE_NOT_CLOSED,services/api/src/modules/community; apps/admin/src/app/community; apps/mobile/lib/screens/community_screen.dart,"Community checkpoint CI 35514832719 passed; attachments, keyword handling, edit history, moderation appeals and threaded mobile UI still require completion"
COM-FR-003,Release 1.0 shall implement a configurable moderation policy by post category and risk level.,Moderator/Admin,Each category has explicit pre-publication or post-publication rule.,MANDATORY_RELEASE_1,ACCEPTANCE_NOT_CLOSED,services/api/src/modules/community; apps/admin/src/app/community; apps/mobile/lib/screens/community_screen.dart,"Community checkpoint CI 35514832719 passed; attachments, keyword handling, edit history, moderation appeals and threaded mobile UI still require completion"
COM-FR-004,Official announcements shall require an authorized publishing role.,Authorized Admin/Moderator,Normal member cannot impersonate official announcement.,MANDATORY_RELEASE_1,ACCEPTANCE_NOT_CLOSED,services/api/src/modules/community; apps/admin/src/app/community; apps/mobile/lib/screens/community_screen.dart,"Community checkpoint CI 35514832719 passed; attachments, keyword handling, edit history, moderation appeals and threaded mobile UI still require completion"
COM-FR-005,Members shall report posts/users using configured reason categories and explanatory detail.,Member,Report is recorded and enters moderation queue.,MANDATORY_RELEASE_1,ACCEPTANCE_NOT_CLOSED,services/api/src/modules/community; apps/admin/src/app/community; apps/mobile/lib/screens/community_screen.dart,"Community checkpoint CI 35514832719 passed; attachments, keyword handling, edit history, moderation appeals and threaded mobile UI still require completion"
COM-FR-006,Members shall block another user.,Member,Block affects permitted social/contact surfaces according to policy.,MANDATORY_RELEASE_1,ACCEPTANCE_NOT_CLOSED,services/api/src/modules/community; apps/admin/src/app/community; apps/mobile/lib/screens/community_screen.dart,"Community checkpoint CI 35514832719 passed; attachments, keyword handling, edit history, moderation appeals and threaded mobile UI still require completion"
COM-FR-007,"Moderators shall review reports with content, reporter context, prior actions and applicable policy.",Moderator,Review screen contains required evidence without excessive private data.,MANDATORY_RELEASE_1,ACCEPTANCE_NOT_CLOSED,services/api/src/modules/community; apps/admin/src/app/community; apps/mobile/lib/screens/community_screen.dart,"Community checkpoint CI 35514832719 passed; attachments, keyword handling, edit history, moderation appeals and threaded mobile UI still require completion"
COM-FR-008,"Moderators shall keep, restrict, remove, restore or escalate content according to authority.",Moderator/Super Admin,"Action validates state, authority and reason.",MANDATORY_RELEASE_1,ACCEPTANCE_NOT_CLOSED,services/api/src/modules/community; apps/admin/src/app/community; apps/mobile/lib/screens/community_screen.dart,"Community checkpoint CI 35514832719 passed; attachments, keyword handling, edit history, moderation appeals and threaded mobile UI still require completion"
COM-FR-009,Moderation actions shall notify affected author where policy permits and provide reason/appeal path when applicable.,System,User receives appropriate status communication.,MANDATORY_RELEASE_1,ACCEPTANCE_NOT_CLOSED,services/api/src/modules/community; apps/admin/src/app/community; apps/mobile/lib/screens/community_screen.dart,"Community checkpoint CI 35514832719 passed; attachments, keyword handling, edit history, moderation appeals and threaded mobile UI still require completion"
COM-FR-010,Posts shall support edit history; materially edited moderated content may re-enter review according to policy.,Member/System,Revision history is retained.,MANDATORY_RELEASE_1,ACCEPTANCE_NOT_CLOSED,services/api/src/modules/community; apps/admin/src/app/community; apps/mobile/lib/screens/community_screen.dart,"Community checkpoint CI 35514832719 passed; attachments, keyword handling, edit history, moderation appeals and threaded mobile UI still require completion"
COM-FR-011,Deleted/removed community content shall be soft-deleted/retained according to retention and legal policy rather than silently destroyed.,System,Authorized audit can inspect retained record within policy.,MANDATORY_RELEASE_1,ACCEPTANCE_NOT_CLOSED,services/api/src/modules/community; apps/admin/src/app/community; apps/mobile/lib/screens/community_screen.dart,"Community checkpoint CI 35514832719 passed; attachments, keyword handling, edit history, moderation appeals and threaded mobile UI still require completion"
COM-FR-012,"Feed shall support pagination, category filters, search and deterministic ordering.",Member,Results paginate without gaps/duplicates.,MANDATORY_RELEASE_1,ACCEPTANCE_NOT_CLOSED,services/api/src/modules/community; apps/admin/src/app/community; apps/mobile/lib/screens/community_screen.dart,"Community checkpoint CI 35514832719 passed; attachments, keyword handling, edit history, moderation appeals and threaded mobile UI still require completion"
COM-FR-013,"Community interactions shall be protected by rate limits, file scanning and anti-abuse controls.",System,Repeated abuse attempts are throttled/logged.,MANDATORY_RELEASE_1,ACCEPTANCE_NOT_CLOSED,services/api/src/modules/community; apps/admin/src/app/community; apps/mobile/lib/screens/community_screen.dart,"Community checkpoint CI 35514832719 passed; attachments, keyword handling, edit history, moderation appeals and threaded mobile UI still require completion"
COM-FR-014,"Community moderation policy, actions and administrator overrides shall be auditable.",System,"Audit identifies actor, target, reason, previous/new state and timestamp.",MANDATORY_RELEASE_1,ACCEPTANCE_NOT_CLOSED,services/api/src/modules/community; apps/admin/src/app/community; apps/mobile/lib/screens/community_screen.dart,"Community checkpoint CI 35514832719 passed; attachments, keyword handling, edit history, moderation appeals and threaded mobile UI still require completion"
MAP-FR-001,Release 1.0 shall provide a map view of households/approved community locations.,Member,Map loads only locations authorized for viewer.,MANDATORY_RELEASE_1,ACCEPTANCE_NOT_CLOSED,services/api/src/modules/map; apps/admin/src/app/map; apps/mobile/lib/screens/household_map_screen.dart,Local governed generalized-location checkpoint; real PostgreSQL/browser/device acceptance pending. Household consent reconciliation and configured map provider remain
MAP-FR-002,Household location shall be a distinct governed entity and shall not expose a member’s precise location by default.,System/Admin,Profile privacy and map payload use approved precision level.,MANDATORY_RELEASE_1,ACCEPTANCE_NOT_CLOSED,services/api/src/modules/map; apps/admin/src/app/map; apps/mobile/lib/screens/household_map_screen.dart,Local governed generalized-location checkpoint; real PostgreSQL/browser/device acceptance pending. Household consent reconciliation and configured map provider remain
MAP-FR-003,Authorized household representatives/admins shall propose or manage household location information according to policy.,Member/Admin,Changes follow validation/approval rule.,MANDATORY_RELEASE_1,ACCEPTANCE_NOT_CLOSED,services/api/src/modules/map; apps/admin/src/app/map; apps/mobile/lib/screens/household_map_screen.dart,Local governed generalized-location checkpoint; real PostgreSQL/browser/device acceptance pending. Household consent reconciliation and configured map provider remain
MAP-FR-004,Map shall support search/filter by branch and permitted geographic attributes.,Member,Filter returns only permitted map points.,MANDATORY_RELEASE_1,ACCEPTANCE_NOT_CLOSED,services/api/src/modules/map; apps/admin/src/app/map; apps/mobile/lib/screens/household_map_screen.dart,Local governed generalized-location checkpoint; real PostgreSQL/browser/device acceptance pending. Household consent reconciliation and configured map provider remain
MAP-FR-005,Sensitive exact coordinates/addresses shall be field-level protected and may be generalized to locality/district for broader viewers.,System,Unauthorized viewer receives no precise coordinate.,MANDATORY_RELEASE_1,ACCEPTANCE_NOT_CLOSED,services/api/src/modules/map; apps/admin/src/app/map; apps/mobile/lib/screens/household_map_screen.dart,Local governed generalized-location checkpoint; real PostgreSQL/browser/device acceptance pending. Household consent reconciliation and configured map provider remain
MAP-FR-006,Invitation/event venues may use map/location services independently of household residence privacy.,Member/System,Venue selection does not alter household location.,MANDATORY_RELEASE_1,ACCEPTANCE_NOT_CLOSED,services/api/src/modules/map; apps/admin/src/app/map; apps/mobile/lib/screens/household_map_screen.dart,Local governed generalized-location checkpoint; real PostgreSQL/browser/device acceptance pending. Household consent reconciliation and configured map provider remain
MAP-FR-007,Location access and administrative edits shall be auditable where sensitivity requires it.,System,Audit captures authorized changes/access events defined by policy.,MANDATORY_RELEASE_1,ACCEPTANCE_NOT_CLOSED,services/api/src/modules/map; apps/admin/src/app/map; apps/mobile/lib/screens/household_map_screen.dart,Local governed generalized-location checkpoint; real PostgreSQL/browser/device acceptance pending. Household consent reconciliation and configured map provider remain
CHAT-FR-001,Registered members shall start one-to-one conversations with other eligible registered members.,Member,Conversation respects block/privacy policy.,MANDATORY_RELEASE_1,ACCEPTANCE_NOT_CLOSED,services/api/src/modules/chat; apps/admin/src/app/chat; apps/mobile/lib/screens/chat_screen.dart,"Local text messaging checkpoint; remote tests pending. Media, general group roles, reporting, durable offline outbox and scale tests outstanding"
CHAT-FR-002,Release 1.0 shall support group conversations with membership and group-information management.,Member,Authorized creator can create group and manage permitted members.,MANDATORY_RELEASE_1,ACCEPTANCE_NOT_CLOSED,services/api/src/modules/chat; apps/admin/src/app/chat; apps/mobile/lib/screens/chat_screen.dart,"Local text messaging checkpoint; remote tests pending. Media, general group roles, reporting, durable offline outbox and scale tests outstanding"
CHAT-FR-003,Members shall send and receive text messages in near real time.,Member,Sent message reaches connected recipient within performance target.,MANDATORY_RELEASE_1,ACCEPTANCE_NOT_CLOSED,services/api/src/modules/chat; apps/admin/src/app/chat; apps/mobile/lib/screens/chat_screen.dart,"Local text messaging checkpoint; remote tests pending. Media, general group roles, reporting, durable offline outbox and scale tests outstanding"
CHAT-FR-004,Messages shall support approved images and files subject to size/type/security policy.,Member,Unsafe/unapproved media is rejected or quarantined.,MANDATORY_RELEASE_1,ACCEPTANCE_NOT_CLOSED,services/api/src/modules/chat; apps/admin/src/app/chat; apps/mobile/lib/screens/chat_screen.dart,"Local text messaging checkpoint; remote tests pending. Media, general group roles, reporting, durable offline outbox and scale tests outstanding"
CHAT-FR-005,Messaging shall provide sent/delivered/read state where privacy/product policy enables it.,Member,State changes are consistent across devices.,MANDATORY_RELEASE_1,ACCEPTANCE_NOT_CLOSED,services/api/src/modules/chat; apps/admin/src/app/chat; apps/mobile/lib/screens/chat_screen.dart,"Local text messaging checkpoint; remote tests pending. Media, general group roles, reporting, durable offline outbox and scale tests outstanding"
CHAT-FR-006,Conversation history shall synchronize across authenticated devices subject to retention policy.,Member,Re-login restores authorized retained history.,MANDATORY_RELEASE_1,ACCEPTANCE_NOT_CLOSED,services/api/src/modules/chat; apps/admin/src/app/chat; apps/mobile/lib/screens/chat_screen.dart,"Local text messaging checkpoint; remote tests pending. Media, general group roles, reporting, durable offline outbox and scale tests outstanding"
CHAT-FR-007,Offline/temporarily disconnected clients shall queue/retry outgoing messages without unintended duplicates.,System,Idempotency prevents duplicate committed messages.,MANDATORY_RELEASE_1,ACCEPTANCE_NOT_CLOSED,services/api/src/modules/chat; apps/admin/src/app/chat; apps/mobile/lib/screens/chat_screen.dart,"Local text messaging checkpoint; remote tests pending. Media, general group roles, reporting, durable offline outbox and scale tests outstanding"
CHAT-FR-008,Members shall block another member and blocked-user behavior shall apply immediately to new direct communication.,Member,New blocked direct messages are prevented.,MANDATORY_RELEASE_1,ACCEPTANCE_NOT_CLOSED,services/api/src/modules/chat; apps/admin/src/app/chat; apps/mobile/lib/screens/chat_screen.dart,"Local text messaging checkpoint; remote tests pending. Media, general group roles, reporting, durable offline outbox and scale tests outstanding"
CHAT-FR-009,Members shall report messages/conversations/users to moderators with selected context.,Member,Report captures permitted message references and enters queue.,MANDATORY_RELEASE_1,ACCEPTANCE_NOT_CLOSED,services/api/src/modules/chat; apps/admin/src/app/chat; apps/mobile/lib/screens/chat_screen.dart,"Local text messaging checkpoint; remote tests pending. Media, general group roles, reporting, durable offline outbox and scale tests outstanding"
CHAT-FR-010,Group roles shall support at least owner/admin/member with controlled member and group-setting actions.,Member,Unauthorized member cannot alter restricted group settings.,MANDATORY_RELEASE_1,ACCEPTANCE_NOT_CLOSED,services/api/src/modules/chat; apps/admin/src/app/chat; apps/mobile/lib/screens/chat_screen.dart,"Local text messaging checkpoint; remote tests pending. Media, general group roles, reporting, durable offline outbox and scale tests outstanding"
CHAT-FR-011,Push notification previews shall not reveal sensitive message content when member privacy setting suppresses previews.,System,Notification template follows preference.,MANDATORY_RELEASE_1,ACCEPTANCE_NOT_CLOSED,services/api/src/modules/chat; apps/admin/src/app/chat; apps/mobile/lib/screens/chat_screen.dart,"Local text messaging checkpoint; remote tests pending. Media, general group roles, reporting, durable offline outbox and scale tests outstanding"
CHAT-FR-012,Message/media deletion behavior shall follow documented retention and participant visibility rules.,Member/System,UI state matches server retention model.,MANDATORY_RELEASE_1,ACCEPTANCE_NOT_CLOSED,services/api/src/modules/chat; apps/admin/src/app/chat; apps/mobile/lib/screens/chat_screen.dart,"Local text messaging checkpoint; remote tests pending. Media, general group roles, reporting, durable offline outbox and scale tests outstanding"
CHAT-FR-013,"Messaging endpoints shall enforce rate limits, authorization and abuse controls.",System,Non-participant cannot read/send; abuse is throttled.,MANDATORY_RELEASE_1,ACCEPTANCE_NOT_CLOSED,services/api/src/modules/chat; apps/admin/src/app/chat; apps/mobile/lib/screens/chat_screen.dart,"Local text messaging checkpoint; remote tests pending. Media, general group roles, reporting, durable offline outbox and scale tests outstanding"
CHAT-FR-014,"Administrative access to message content, if legally/policy permitted at all, shall be exceptional, role-restricted and auditable.",Super Admin/System,No routine admin browsing of private messages.,MANDATORY_RELEASE_1,ACCEPTANCE_NOT_CLOSED,services/api/src/modules/chat; apps/admin/src/app/chat; apps/mobile/lib/screens/chat_screen.dart,"Local text messaging checkpoint; remote tests pending. Media, general group roles, reporting, durable offline outbox and scale tests outstanding"
ADM-FR-001,Authorized administrators shall authenticate separately into the web administration portal with stronger session controls.,Admin,Unauthorized member credentials do not grant admin access.,MANDATORY_RELEASE_1,ACCEPTANCE_NOT_CLOSED,apps/admin/src/app,"Partially implemented queues and real dashboard; remaining account/role, cultural, import and operations consoles must be completed"
ADM-FR-002,Dashboard shall show role-appropriate operational queues and key health/workload indicators.,Admin,Each role sees only permitted widgets/data.,MANDATORY_RELEASE_1,ACCEPTANCE_NOT_CLOSED,apps/admin/src/app,"Partially implemented queues and real dashboard; remaining account/role, cultural, import and operations consoles must be completed"
ADM-FR-003,Verifiers shall review profile claims and genealogy change requests within assigned authority.,Verifier,Branch/scope enforcement is server-side.,MANDATORY_RELEASE_1,ACCEPTANCE_NOT_CLOSED,apps/admin/src/app,"Partially implemented queues and real dashboard; remaining account/role, cultural, import and operations consoles must be completed"
ADM-FR-004,Admins shall search and inspect Person records and direct family links according to role.,Admin,Search and detail respect privilege.,MANDATORY_RELEASE_1,ACCEPTANCE_NOT_CLOSED,apps/admin/src/app,"Partially implemented queues and real dashboard; remaining account/role, cultural, import and operations consoles must be completed"
ADM-FR-005,Authorized admins shall create/correct direct genealogy facts through governed workflows.,Admin,Mutations validate invariants and audit.,MANDATORY_RELEASE_1,ACCEPTANCE_NOT_CLOSED,apps/admin/src/app,"Partially implemented queues and real dashboard; remaining account/role, cultural, import and operations consoles must be completed"
ADM-FR-006,Super Admin/delegated authority shall resolve duplicate Person records.,Super Admin,Merge console enforces conflict resolution and audit.,MANDATORY_RELEASE_1,ACCEPTANCE_NOT_CLOSED,apps/admin/src/app,"Partially implemented queues and real dashboard; remaining account/role, cultural, import and operations consoles must be completed"
ADM-FR-007,"Super Admin shall manage branches, generations and cross-branch connections.",Super Admin,Changes are validated and auditable.,MANDATORY_RELEASE_1,ACCEPTANCE_NOT_CLOSED,apps/admin/src/app,"Partially implemented queues and real dashboard; remaining account/role, cultural, import and operations consoles must be completed"
ADM-FR-008,"Super Admin shall manage user status, roles, permissions and verifier assignments.",Super Admin,Permission changes take effect predictably and are audited.,MANDATORY_RELEASE_1,ACCEPTANCE_NOT_CLOSED,apps/admin/src/app,"Partially implemented queues and real dashboard; remaining account/role, cultural, import and operations consoles must be completed"
ADM-FR-009,Content managers and designated approvers shall manage cultural/historical content lifecycle.,Content Manager/Religious Representative,Draft-review-publish rules are enforced.,MANDATORY_RELEASE_1,ACCEPTANCE_NOT_CLOSED,apps/admin/src/app,"Partially implemented queues and real dashboard; remaining account/role, cultural, import and operations consoles must be completed"
ADM-FR-010,"Authorized users shall manage events, invitations and broadcasts within assigned authority.",Admin,Audience and send actions are permission checked.,MANDATORY_RELEASE_1,ACCEPTANCE_NOT_CLOSED,apps/admin/src/app,"Partially implemented queues and real dashboard; remaining account/role, cultural, import and operations consoles must be completed"
ADM-FR-011,Moderators shall manage reports and community-content moderation.,Moderator,Moderation queue and decisions are auditable.,MANDATORY_RELEASE_1,ACCEPTANCE_NOT_CLOSED,apps/admin/src/app,"Partially implemented queues and real dashboard; remaining account/role, cultural, import and operations consoles must be completed"
ADM-FR-012,"Authorized domain administrators shall manage versioned Nata/Saino, Jutho and calendar/Tithi rule sets with approval workflow.",Religious Representative/Super Admin,Only approved effective versions are active.,MANDATORY_RELEASE_1,ACCEPTANCE_NOT_CLOSED,apps/admin/src/app,"Partially implemented queues and real dashboard; remaining account/role, cultural, import and operations consoles must be completed"
ADM-FR-013,Admin portal shall provide import/dry-run/reconciliation tooling for genealogy migration.,Data Steward/Super Admin,Import cannot commit without validation summary and authorization.,MANDATORY_RELEASE_1,ACCEPTANCE_NOT_CLOSED,apps/admin/src/app,"Partially implemented queues and real dashboard; remaining account/role, cultural, import and operations consoles must be completed"
ADM-FR-014,"Authorized administrators shall inspect audit history using filters for actor, action, entity, date and correlation/request ID.",Admin,Search returns immutable audit records in scope.,MANDATORY_RELEASE_1,ACCEPTANCE_NOT_CLOSED,apps/admin/src/app,"Partially implemented queues and real dashboard; remaining account/role, cultural, import and operations consoles must be completed"
ADM-FR-015,"System configuration shall be managed through typed, permissioned settings with change history.",Super Admin,Invalid configuration is rejected; prior value is recorded.,MANDATORY_RELEASE_1,ACCEPTANCE_NOT_CLOSED,apps/admin/src/app,"Partially implemented queues and real dashboard; remaining account/role, cultural, import and operations consoles must be completed"
ADM-FR-016,Operational administration shall expose integration/queue/import status without exposing secrets.,Admin/Operations,Health visibility exists while credentials remain secret.,MANDATORY_RELEASE_1,ACCEPTANCE_NOT_CLOSED,apps/admin/src/app,"Partially implemented queues and real dashboard; remaining account/role, cultural, import and operations consoles must be completed"
AUD-FR-001,"Material genealogy, identity, role, moderation, rule, import and configuration changes shall generate append-only audit events.",System,Required event classes are present for reference workflows.,MANDATORY_RELEASE_1,ACCEPTANCE_NOT_CLOSED,services/api/src/modules/audit; services/api/src/database/repositories/audit.repository.ts,Persistent audit metadata UI added locally; legacy hash writer concurrency/integrity and access-audit coverage require verification
AUD-FR-002,"Audit event shall capture actor, action, target, timestamp, correlation ID, decision/reason and safe before/after metadata where applicable.",System,Audit schema contains required fields.,MANDATORY_RELEASE_1,ACCEPTANCE_NOT_CLOSED,services/api/src/modules/audit; services/api/src/database/repositories/audit.repository.ts,Persistent audit metadata UI added locally; legacy hash writer concurrency/integrity and access-audit coverage require verification
AUD-FR-003,Audit records shall be tamper-resistant to normal application/admin users.,System,No normal API exists to update/delete audit events.,MANDATORY_RELEASE_1,ACCEPTANCE_NOT_CLOSED,services/api/src/modules/audit; services/api/src/database/repositories/audit.repository.ts,Persistent audit metadata UI added locally; legacy hash writer concurrency/integrity and access-audit coverage require verification
AUD-FR-004,"Evidence files shall retain provenance, checksum, access metadata and relationship to governing request/decision.",System,Evidence can be traced without exposing it broadly.,MANDATORY_RELEASE_1,ACCEPTANCE_NOT_CLOSED,services/api/src/modules/audit; services/api/src/database/repositories/audit.repository.ts,Persistent audit metadata UI added locally; legacy hash writer concurrency/integrity and access-audit coverage require verification
AUD-FR-005,Audit/evidence access shall itself be permission-controlled and logged where required.,Admin/System,Unauthorized users cannot access audit/evidence.,MANDATORY_RELEASE_1,ACCEPTANCE_NOT_CLOSED,services/api/src/modules/audit; services/api/src/database/repositories/audit.repository.ts,Persistent audit metadata UI added locally; legacy hash writer concurrency/integrity and access-audit coverage require verification
PRIV-FR-001,Profile and genealogy fields shall be classified by visibility/sensitivity and enforced server-side.,System,Direct API requests cannot bypass visibility.,MANDATORY_RELEASE_1,ACCEPTANCE_NOT_CLOSED,services/api/src/modules/genealogy/privacy; services/api/src/modules/profile,"Existing M4 privacy coverage; consent, retention, minors and cross-module review remain mandatory"
PRIV-FR-002,Members shall manage allowed visibility for configurable personal fields within policy bounds.,Member,Saved setting changes subsequent responses.,MANDATORY_RELEASE_1,ACCEPTANCE_NOT_CLOSED,services/api/src/modules/genealogy/privacy; services/api/src/modules/profile,"Existing M4 privacy coverage; consent, retention, minors and cross-module review remain mandatory"
PRIV-FR-003,The product shall provide a privacy-safe treatment for children/minors and non-user Person records.,System/Admin,Restricted fields are not broadly exposed.,MANDATORY_RELEASE_1,ACCEPTANCE_NOT_CLOSED,services/api/src/modules/genealogy/privacy; services/api/src/modules/profile,"Existing M4 privacy coverage; consent, retention, minors and cross-module review remain mandatory"
PRIV-FR-004,Precise household/location data shall require explicit authorized collection and controlled visibility.,Member/System,Location is not collected merely to browse the application.,MANDATORY_RELEASE_1,ACCEPTANCE_NOT_CLOSED,services/api/src/modules/genealogy/privacy; services/api/src/modules/profile,"Existing M4 privacy coverage; consent, retention, minors and cross-module review remain mandatory"
PRIV-FR-005,"Members shall be able to request correction, deactivation/de-linking and account deletion handling according to governing data policy while preserving necessary genealogy/audit integrity.",Member/Admin,Account action does not improperly erase shared historical genealogy.,MANDATORY_RELEASE_1,ACCEPTANCE_NOT_CLOSED,services/api/src/modules/genealogy/privacy; services/api/src/modules/profile,"Existing M4 privacy coverage; consent, retention, minors and cross-module review remain mandatory"
PRIV-FR-006,Consent/policy acknowledgements required by the product shall be versioned with user acceptance timestamp.,System,Current acceptance can be proven.,MANDATORY_RELEASE_1,ACCEPTANCE_NOT_CLOSED,services/api/src/modules/genealogy/privacy; services/api/src/modules/profile,"Existing M4 privacy coverage; consent, retention, minors and cross-module review remain mandatory"
PRIV-FR-007,"Data exports or administrative reports containing personal information shall be role-limited, minimized and auditable.",Admin,Export cannot exceed role scope.,MANDATORY_RELEASE_1,ACCEPTANCE_NOT_CLOSED,services/api/src/modules/genealogy/privacy; services/api/src/modules/profile,"Existing M4 privacy coverage; consent, retention, minors and cross-module review remain mandatory"
PRIV-FR-008,Privacy settings shall be understandable in Nepali and English with safe defaults.,Member,New account starts with approved default visibility configuration.,MANDATORY_RELEASE_1,ACCEPTANCE_NOT_CLOSED,services/api/src/modules/genealogy/privacy; services/api/src/modules/profile,"Existing M4 privacy coverage; consent, retention, minors and cross-module review remain mandatory"
I18N-FR-001,Member application shall support Nepali and English throughout Release 1.0 core and extended modules.,Member,No production feature is inaccessible solely because selected language is Nepali/English.,MANDATORY_RELEASE_1,ACCEPTANCE_NOT_CLOSED,packages/localization; apps/mobile/lib; apps/admin/src,"Bilingual inline labels exist; full key externalization, locale switch and accessibility verification outstanding"
I18N-FR-002,UI text shall be externalized from code and managed with stable localization keys.,Engineering,Language text can be updated without changing business logic.,MANDATORY_RELEASE_1,ACCEPTANCE_NOT_CLOSED,packages/localization; apps/mobile/lib; apps/admin/src,"Bilingual inline labels exist; full key externalization, locale switch and accessibility verification outstanding"
I18N-FR-003,Names shall preserve original script while supporting aliases/transliteration for search and display.,System,Original Person name is never replaced by a generated transliteration.,MANDATORY_RELEASE_1,ACCEPTANCE_NOT_CLOSED,packages/localization; apps/mobile/lib; apps/admin/src,"Bilingual inline labels exist; full key externalization, locale switch and accessibility verification outstanding"
I18N-FR-004,"Date, time, number and calendar formatting shall follow selected locale and domain context.",System,Approved locale examples render correctly.,MANDATORY_RELEASE_1,ACCEPTANCE_NOT_CLOSED,packages/localization; apps/mobile/lib; apps/admin/src,"Bilingual inline labels exist; full key externalization, locale switch and accessibility verification outstanding"
I18N-FR-005,Mobile and admin experiences shall meet the accessibility requirements defined in the NFR section.,Engineering/QA,Accessibility acceptance tests pass.,MANDATORY_RELEASE_1,ACCEPTANCE_NOT_CLOSED,packages/localization; apps/mobile/lib; apps/admin/src,"Bilingual inline labels exist; full key externalization, locale switch and accessibility verification outstanding"
MEDIA-FR-001,"Media uploads shall use authenticated, short-lived upload authorization and private-by-default storage.",System,Unauthorized object cannot be uploaded/read.,MANDATORY_RELEASE_1,ACCEPTANCE_NOT_CLOSED,services/api/src/modules/media; services/api/src/modules/profile,"Real ClamAV CI 35514467567 passed. Complete S3-compatible storage, derivatives, EXIF removal and owning-entity lifecycle acceptance outstanding"
MEDIA-FR-002,"Server shall validate allowed file type, content type, extension, size and checksum.",System,Invalid file is rejected.,MANDATORY_RELEASE_1,ACCEPTANCE_NOT_CLOSED,services/api/src/modules/media; services/api/src/modules/profile,"Real ClamAV CI 35514467567 passed. Complete S3-compatible storage, derivatives, EXIF removal and owning-entity lifecycle acceptance outstanding"
MEDIA-FR-003,Uploaded files shall be scanned/validated before public/community/message availability according to security policy.,System,Unsafe file remains quarantined or rejected.,MANDATORY_RELEASE_1,ACCEPTANCE_NOT_CLOSED,services/api/src/modules/media; services/api/src/modules/profile,"Real ClamAV CI 35514467567 passed. Complete S3-compatible storage, derivatives, EXIF removal and owning-entity lifecycle acceptance outstanding"
MEDIA-FR-004,Images shall support safe derivative generation (thumbnail/display size) without overwriting source.,System,Original and derivative provenance is retained.,MANDATORY_RELEASE_1,ACCEPTANCE_NOT_CLOSED,services/api/src/modules/media; services/api/src/modules/profile,"Real ClamAV CI 35514467567 passed. Complete S3-compatible storage, derivatives, EXIF removal and owning-entity lifecycle acceptance outstanding"
MEDIA-FR-005,Media access shall use authorization or time-limited delivery URLs appropriate to visibility.,System,Copying a private object URL does not grant indefinite access.,MANDATORY_RELEASE_1,ACCEPTANCE_NOT_CLOSED,services/api/src/modules/media; services/api/src/modules/profile,"Real ClamAV CI 35514467567 passed. Complete S3-compatible storage, derivatives, EXIF removal and owning-entity lifecycle acceptance outstanding"
MEDIA-FR-006,Retention/deletion of media shall follow owning entity’s retention policy and legal/audit constraints.,System,Lifecycle job behavior matches documented policy.,MANDATORY_RELEASE_1,ACCEPTANCE_NOT_CLOSED,services/api/src/modules/media; services/api/src/modules/profile,"Real ClamAV CI 35514467567 passed. Complete S3-compatible storage, derivatives, EXIF removal and owning-entity lifecycle acceptance outstanding"
NFR-PERF-001,API latency,"Normal cached/simple read endpoints p95 <= 500 ms at target load, excluding third-party latency.",Load test/APM,MANDATORY_RELEASE_1,ACCEPTANCE_NOT_CLOSED,Cross-cutting platform,"Production load, security, iOS/device compatibility, accessibility, operations, restore and cost evidence remain release gates"
NFR-PERF-002,API latency,"Normal transactional writes p95 <= 800 ms at target load, excluding OTP/map/calendar providers.",Load test/APM,MANDATORY_RELEASE_1,ACCEPTANCE_NOT_CLOSED,Cross-cutting platform,"Production load, security, iOS/device compatibility, accessibility, operations, restore and cost evidence remain release gates"
NFR-PERF-003,Search,Person search first page p95 <= 1.0 s for production-scale test dataset.,Load test,MANDATORY_RELEASE_1,ACCEPTANCE_NOT_CLOSED,Cross-cutting platform,"Production load, security, iOS/device compatibility, accessibility, operations, restore and cost evidence remain release gates"
NFR-PERF-004,Family tree,Initial visible tree context p95 <= 2.0 s on supported network profile; deeper graph loads incrementally.,Mobile/API test,MANDATORY_RELEASE_1,ACCEPTANCE_NOT_CLOSED,Cross-cutting platform,"Production load, security, iOS/device compatibility, accessibility, operations, restore and cost evidence remain release gates"
NFR-PERF-005,Messaging,Connected message send-to-receive p95 <= 2 s under target real-time load.,Real-time load test,MANDATORY_RELEASE_1,ACCEPTANCE_NOT_CLOSED,Cross-cutting platform,"Production load, security, iOS/device compatibility, accessibility, operations, restore and cost evidence remain release gates"
NFR-SCALE-001,Scale,"Architecture shall support at least 1,000,000 Person records without redesign of the core domain model.",Scale test/review,MANDATORY_RELEASE_1,ACCEPTANCE_NOT_CLOSED,Cross-cutting platform,"Production load, security, iOS/device compatibility, accessibility, operations, restore and cost evidence remain release gates"
NFR-SCALE-002,Scale,"Architecture baseline shall support at least 100,000 registered users and 10,000 concurrent real-time connections with horizontal scaling.",Capacity test/review,MANDATORY_RELEASE_1,ACCEPTANCE_NOT_CLOSED,Cross-cutting platform,"Production load, security, iOS/device compatibility, accessibility, operations, restore and cost evidence remain release gates"
NFR-AVL-001,Availability,Core production APIs target >= 99.9% monthly availability excluding approved maintenance windows.,Monitoring/SLO report,MANDATORY_RELEASE_1,ACCEPTANCE_NOT_CLOSED,Cross-cutting platform,"Production load, security, iOS/device compatibility, accessibility, operations, restore and cost evidence remain release gates"
NFR-REL-001,Reliability,Business mutations shall be transactional/idempotent where retries can occur.,Integration tests,MANDATORY_RELEASE_1,ACCEPTANCE_NOT_CLOSED,Cross-cutting platform,"Production load, security, iOS/device compatibility, accessibility, operations, restore and cost evidence remain release gates"
NFR-REL-002,Reliability,Notification/integration failures shall not corrupt committed genealogy/business data.,Fault-injection tests,MANDATORY_RELEASE_1,ACCEPTANCE_NOT_CLOSED,Cross-cutting platform,"Production load, security, iOS/device compatibility, accessibility, operations, restore and cost evidence remain release gates"
NFR-DATA-001,Integrity,"Genealogy invariants, FK/unique constraints and application validation shall prevent invalid trusted graph states.",DB/integration tests,MANDATORY_RELEASE_1,ACCEPTANCE_NOT_CLOSED,Cross-cutting platform,"Production load, security, iOS/device compatibility, accessibility, operations, restore and cost evidence remain release gates"
NFR-DATA-002,Durability,"Approved genealogy, audit and identity records shall use durable managed database storage with backup/PITR.",Operations review,MANDATORY_RELEASE_1,ACCEPTANCE_NOT_CLOSED,Cross-cutting platform,"Production load, security, iOS/device compatibility, accessibility, operations, restore and cost evidence remain release gates"
NFR-SEC-001,Transport,External and service-to-service sensitive traffic shall use TLS 1.2+ with TLS 1.3 preferred where supported.,Security scan/config review,MANDATORY_RELEASE_1,ACCEPTANCE_NOT_CLOSED,Cross-cutting platform,"Production load, security, iOS/device compatibility, accessibility, operations, restore and cost evidence remain release gates"
NFR-SEC-002,Secrets,Secrets shall be stored in managed secret storage; never committed to source control/mobile bundle.,CI scan/review,MANDATORY_RELEASE_1,ACCEPTANCE_NOT_CLOSED,Cross-cutting platform,"Production load, security, iOS/device compatibility, accessibility, operations, restore and cost evidence remain release gates"
NFR-SEC-003,Mobile tokens,Refresh/auth secrets shall use Android Keystore/iOS Keychain-backed secure storage.,Mobile security test,MANDATORY_RELEASE_1,ACCEPTANCE_NOT_CLOSED,Cross-cutting platform,"Production load, security, iOS/device compatibility, accessibility, operations, restore and cost evidence remain release gates"
NFR-SEC-004,Web security,"Admin portal/API shall implement OWASP-aligned controls for authentication, authorization, input validation, CSRF/XSS/SSRF/SQLi and secure headers.",SAST/DAST/penetration test,MANDATORY_RELEASE_1,ACCEPTANCE_NOT_CLOSED,Cross-cutting platform,"Production load, security, iOS/device compatibility, accessibility, operations, restore and cost evidence remain release gates"
NFR-SEC-005,Abuse,"OTP, search, messaging, posts, invitations and sensitive admin endpoints shall be rate-limited.",Security/integration test,MANDATORY_RELEASE_1,ACCEPTANCE_NOT_CLOSED,Cross-cutting platform,"Production load, security, iOS/device compatibility, accessibility, operations, restore and cost evidence remain release gates"
NFR-PRIV-001,Privacy,APIs shall minimize returned personal data and enforce field-level/relationship-aware visibility server-side.,Privacy test,MANDATORY_RELEASE_1,ACCEPTANCE_NOT_CLOSED,Cross-cutting platform,"Production load, security, iOS/device compatibility, accessibility, operations, restore and cost evidence remain release gates"
NFR-PRIV-002,Privacy,"Logs/telemetry shall not contain OTPs, access tokens, raw passwords/secrets or unnecessary sensitive personal data.",Log audit,MANDATORY_RELEASE_1,ACCEPTANCE_NOT_CLOSED,Cross-cutting platform,"Production load, security, iOS/device compatibility, accessibility, operations, restore and cost evidence remain release gates"
NFR-A11Y-001,Accessibility,"Admin web shall target WCAG 2.2 AA; mobile shall implement platform accessibility semantics, scalable text and adequate touch targets.",Automated/manual a11y test,MANDATORY_RELEASE_1,ACCEPTANCE_NOT_CLOSED,Cross-cutting platform,"Production load, security, iOS/device compatibility, accessibility, operations, restore and cost evidence remain release gates"
NFR-I18N-001,Localization,"Nepali and English shall be production-complete, Unicode-safe and regression tested.",Localization QA,MANDATORY_RELEASE_1,ACCEPTANCE_NOT_CLOSED,Cross-cutting platform,"Production load, security, iOS/device compatibility, accessibility, operations, restore and cost evidence remain release gates"
NFR-COMP-001,Mobile compatibility,Support policy shall cover current mainstream Android/iOS versions selected before implementation and documented in release matrix.,Device matrix,MANDATORY_RELEASE_1,ACCEPTANCE_NOT_CLOSED,Cross-cutting platform,"Production load, security, iOS/device compatibility, accessibility, operations, restore and cost evidence remain release gates"
NFR-OBS-001,Observability,"Every production request/job shall have correlation/trace identifiers with structured logs, metrics and error reporting.",Operations review,MANDATORY_RELEASE_1,ACCEPTANCE_NOT_CLOSED,Cross-cutting platform,"Production load, security, iOS/device compatibility, accessibility, operations, restore and cost evidence remain release gates"
NFR-OBS-002,Alerting,"Availability, error rate, queue lag, DB saturation, integration failures and backup failures shall alert operations.",Alert drill,MANDATORY_RELEASE_1,ACCEPTANCE_NOT_CLOSED,Cross-cutting platform,"Production load, security, iOS/device compatibility, accessibility, operations, restore and cost evidence remain release gates"
NFR-DR-001,RPO,Target Recovery Point Objective for critical database data <= 15 minutes.,DR test,MANDATORY_RELEASE_1,ACCEPTANCE_NOT_CLOSED,Cross-cutting platform,"Production load, security, iOS/device compatibility, accessibility, operations, restore and cost evidence remain release gates"
NFR-DR-002,RTO,Target Recovery Time Objective for critical service <= 4 hours.,DR test,MANDATORY_RELEASE_1,ACCEPTANCE_NOT_CLOSED,Cross-cutting platform,"Production load, security, iOS/device compatibility, accessibility, operations, restore and cost evidence remain release gates"
NFR-DR-003,Restore,A production-like restore rehearsal shall be completed at least quarterly after launch.,Restore report,MANDATORY_RELEASE_1,ACCEPTANCE_NOT_CLOSED,Cross-cutting platform,"Production load, security, iOS/device compatibility, accessibility, operations, restore and cost evidence remain release gates"
NFR-MAINT-001,Maintainability,"Automated linting, unit/integration tests, API contract checks and migration checks shall gate merges.",CI evidence,MANDATORY_RELEASE_1,ACCEPTANCE_NOT_CLOSED,Cross-cutting platform,"Production load, security, iOS/device compatibility, accessibility, operations, restore and cost evidence remain release gates"
NFR-PORT-001,Portability,Services shall be containerized or packaged in reproducible deployable units with infrastructure as code.,Deployment review,MANDATORY_RELEASE_1,ACCEPTANCE_NOT_CLOSED,Cross-cutting platform,"Production load, security, iOS/device compatibility, accessibility, operations, restore and cost evidence remain release gates"
NFR-NET-001,Weak connectivity,"Mobile shall degrade gracefully on slow/intermittent networks: cached safe reads where feasible, retry state, explicit sync/error feedback.",Network-condition tests,MANDATORY_RELEASE_1,ACCEPTANCE_NOT_CLOSED,Cross-cutting platform,"Production load, security, iOS/device compatibility, accessibility, operations, restore and cost evidence remain release gates"
NFR-COST-001,Cost control,"Storage, notifications, maps, OTP and compute usage shall expose measurable consumption and budget alerts.",Cloud billing/alerts,MANDATORY_RELEASE_1,ACCEPTANCE_NOT_CLOSED,Cross-cutting platform,"Production load, security, iOS/device compatibility, accessibility, operations, restore and cost evidence remain release gates"
